<?xml version="1.0" encoding="UTF-8"?>
<sbml xmlns="http://www.sbml.org/sbml/level2" level="2" version="1">
  <model id="digital_c">
    <listOfCompartments>
      <compartment id="UVOL" size="1" units="volume"/>
    </listOfCompartments>
    <listOfSpecies>
      <species id="Nor1r_F_Sf0_Fp_Z_C0" compartment="UVOL" initialAmount="0"/>
      <species id="B_Pool_S_Free_C0" compartment="UVOL" initialAmount="0"/>
      <species id="A_Pool_S_Free_C0" compartment="UVOL" initialAmount="0"/>
      <species id="Nor1ra_R_It1_Tf_Ra_C0" compartment="UVOL" initialAmount="0"/>
      <species id="Not2_Ip0_Tfl_Ru_C0" compartment="UVOL" initialAmount="0"/>
      <species id="Nor1ra_R_It1_R0l_Rb_C0" compartment="UVOL" initialAmount="0"/>
      <species id="Not2_Ip1_Rcnot_Rb1n_C0" compartment="UVOL" initialAmount="0"/>
      <species id="Not2_Ip0_Tfl_Ra_C0" compartment="UVOL" initialAmount="0"/>
      <species id="Nor2cc_R_It0_Tfl_Ra_C0" compartment="UVOL" initialAmount="0"/>
      <species id="Ribpool_R_Free_C0" compartment="UVOL" initialAmount="4.2e-06"/>
      <species id="Not2_Ip0_Rcnot_Rb1n_C0" compartment="UVOL" initialAmount="0"/>
      <species id="Nor1r_F_Sf0_Fp_Ra_C0" compartment="UVOL" initialAmount="0"/>
      <species id="Not2_Ip1_Tfl_Ra_C0" compartment="UVOL" initialAmount="0"/>
      <species id="Nor1r_F_Sf0_R0l_Rb_C0" compartment="UVOL" initialAmount="0"/>
      <species id="Nor1ra_R_It1_Tf_Ru_C0" compartment="UVOL" initialAmount="0"/>
      <species id="Nor1r_F_Sf0_Fp_Ru_C0" compartment="UVOL" initialAmount="0"/>
      <species id="Nor2cc_R_It0_Rccnor_Rb1nb2n_C0" compartment="UVOL" initialAmount="0"/>
      <species id="Not2_Ip1_Tfl_Ru_C0" compartment="UVOL" initialAmount="0"/>
      <species id="Nor2cc_R_It0_Tfl_Ru_C0" compartment="UVOL" initialAmount="0"/>
      <species id="Not2_Ip0_Tfl_Pola_C0" compartment="UVOL" initialAmount="0"/>
      <species id="Not2_Ip1_Te_Polt_C0" compartment="UVOL" initialAmount="0"/>
      <species id="Not2_Ip1_P0not2pos_P_Free_C0" compartment="UVOL" initialAmount="1e-09"/>
      <species id="Nor1ra_R_It1_Te_Polt_C0" compartment="UVOL" initialAmount="0"/>
      <species id="Nor1ra_R_It1_R0l_Polb_C0" compartment="UVOL" initialAmount="0"/>
      <species id="Not2_Ip0_Te_Polt_C0" compartment="UVOL" initialAmount="0"/>
      <species id="Not2_Ip0_P0not2pos_P_Free_C0" compartment="UVOL" initialAmount="1e-09"/>
      <species id="Nor1r_F_Sf0_R0l_Polb_C0" compartment="UVOL" initialAmount="0"/>
      <species id="Not2_Ip1_P0not2pos_Ppol_C0" compartment="UVOL" initialAmount="0"/>
      <species id="Polpool_Pol_Free_C0" compartment="UVOL" initialAmount="2.1e-06"/>
      <species id="Nor2cc_R_It0_Rccnor_Polb_C0" compartment="UVOL" initialAmount="0"/>
      <species id="Nor1ra_R_It1_Tf_Pola_C0" compartment="UVOL" initialAmount="0"/>
      <species id="Not2_Ip1_Rcnot_Polb_C0" compartment="UVOL" initialAmount="0"/>
      <species id="Nor1ra_R_It1_Pranor_Polo1f_C0" compartment="UVOL" initialAmount="0"/>
      <species id="Not2_Ip0_P0not2pos_Ppol_C0" compartment="UVOL" initialAmount="0"/>
      <species id="Nor2cc_R_It0_Te_Polt_C0" compartment="UVOL" initialAmount="0"/>
      <species id="Nor1r_F_Sf0_Fp_Pola_C0" compartment="UVOL" initialAmount="0"/>
      <species id="Nor1r_F_Sf0_Te_Polt_C0" compartment="UVOL" initialAmount="0"/>
      <species id="Nor2cc_R_It0_P0_P_Free_C0" compartment="UVOL" initialAmount="1e-09"/>
      <species id="Not2_Ip1_Tfl_Pola_C0" compartment="UVOL" initialAmount="0"/>
      <species id="Nor2cc_R_It0_Tfl_Pola_C0" compartment="UVOL" initialAmount="0"/>
      <species id="Nor2cc_R_It0_P0_Ppol_C0" compartment="UVOL" initialAmount="0"/>
      <species id="Nor1r_F_Sf0_Pranor_Polo1f_C0" compartment="UVOL" initialAmount="0"/>
      <species id="Not2_Ip0_Rcnot_Polb_C0" compartment="UVOL" initialAmount="0"/>
      <species id="Nor1ra_R_It1_Pranor_O1t_C0" compartment="UVOL" initialAmount="0"/>
      <species id="Nor1r_F_Sf0_Pranor_O1f_C0" compartment="UVOL" initialAmount="1e-09"/>
      <species id="Nor1r_F_Sf0_Pranor_O1t_C0" compartment="UVOL" initialAmount="0"/>
      <species id="Nor1ra_R_It1_Pranor_O1f_C0" compartment="UVOL" initialAmount="1e-09"/>
      <species id="A_Neg_Pool_Fm_C0" compartment="UVOL" initialAmount="0"/>
      <species id="Int_R_Pool_Fm_C0" compartment="UVOL" initialAmount="0"/>
      <species id="A_Neg_Pool_Fd_A_C0" compartment="UVOL" initialAmount="0"/>
      <species id="Int_R_Pool_Fd_A_C0" compartment="UVOL" initialAmount="0"/>
      <species id="Nor2cc_R_It0_Rccnor_B1nb2n_C0" compartment="UVOL" initialAmount="0"/>
      <species id="Nor2cc_R_It0_Rccnor_B1fb2n_C0" compartment="UVOL" initialAmount="0"/>
      <species id="Nor2cc_R_It0_Rccnor_B1nb2f_C0" compartment="UVOL" initialAmount="0"/>
      <species id="Nor2cc_R_It0_Rccnor_B1fb2f_C0" compartment="UVOL" initialAmount="0"/>
      <species id="Nor1ra_R_It1_R0l_B_Free_C0" compartment="UVOL" initialAmount="0"/>
      <species id="Not2_Ip1_Rcnot_B1f_C0" compartment="UVOL" initialAmount="0"/>
      <species id="Not2_Ip0_Rcnot_B1f_C0" compartment="UVOL" initialAmount="0"/>
      <species id="Not2_Ip1_Rcnot_B1n_C0" compartment="UVOL" initialAmount="0"/>
      <species id="Not2_Ip0_Rcnot_B1n_C0" compartment="UVOL" initialAmount="0"/>
      <species id="Nor1r_F_Sf0_R0l_B_Free_C0" compartment="UVOL" initialAmount="0"/>
    </listOfSpecies>
    <listOfParameters>
      <parameter id="B_Pool_K_S_R"/>
      <parameter id="A_Pool_K_S_R"/>
    </listOfParameters>
    <listOfReactions>
      <reaction id="Nor1r_F_Sf0_Te_Zeta_R" reversible="false">
        <listOfReactants>
          <speciesReference species="Nor1r_F_Sf0_Te_Polt_C0"/>
        </listOfReactants>
        <listOfProducts>
          <speciesReference species="Polpool_Pol_Free_C0"/>
        </listOfProducts>
        <kineticLaw>
          <math xmlns="http://www.w3.org/1998/Math/MathML">
            <apply>
              <times/>
              <ci> k1 </ci>
              <ci> Nor1r_F_Sf0_Te_Polt_C0 </ci>
            </apply>
          </math>
          <listOfParameters>
            <parameter id="k1" value="31.25"/>
          </listOfParameters>
        </kineticLaw>
      </reaction>
      <reaction id="Nor1r_F_Sf0_Fp_K_D_R" reversible="false">
        <listOfReactants>
          <speciesReference species="Nor1r_F_Sf0_Fp_Z_C0"/>
        </listOfReactants>
        <kineticLaw>
          <math xmlns="http://www.w3.org/1998/Math/MathML">
            <apply>
              <times/>
              <ci> k1 </ci>
              <ci> Nor1r_F_Sf0_Fp_Z_C0 </ci>
            </apply>
          </math>
          <listOfParameters>
            <parameter id="k1" value="0.00116"/>
          </listOfParameters>
        </kineticLaw>
      </reaction>
      <reaction id="Nor1r_F_Sf0_Fp_Zeta_R_R" reversible="false">
        <listOfReactants>
          <speciesReference species="Nor1r_F_Sf0_Fp_Ru_C0"/>
        </listOfReactants>
        <listOfProducts>
          <speciesReference species="Nor1r_F_Sf0_Fp_Z_C0"/>
          <speciesReference species="Ribpool_R_Free_C0"/>
        </listOfProducts>
        <kineticLaw>
          <math xmlns="http://www.w3.org/1998/Math/MathML">
            <apply>
              <times/>
              <ci> k1 </ci>
              <ci> Nor1r_F_Sf0_Fp_Ru_C0 </ci>
            </apply>
          </math>
          <listOfParameters>
            <parameter id="k1" value="0.5"/>
          </listOfParameters>
        </kineticLaw>
      </reaction>
      <reaction id="Nor1r_F_Sf0_Fp_K_El_R_R" reversible="false">
        <listOfReactants>
          <speciesReference species="Nor1r_F_Sf0_Fp_Ra_C0"/>
        </listOfReactants>
        <listOfProducts>
          <speciesReference species="Nor1r_F_Sf0_Fp_Ru_C0"/>
        </listOfProducts>
        <kineticLaw>
          <math xmlns="http://www.w3.org/1998/Math/MathML">
            <apply>
              <times/>
              <ci> k1 </ci>
              <ci> Nor1r_F_Sf0_Fp_Ra_C0 </ci>
            </apply>
          </math>
          <listOfParameters>
            <parameter id="k1" value="0.049"/>
          </listOfParameters>
        </kineticLaw>
      </reaction>
      <reaction id="Nor1r_F_Sf0_Fp_K_El_R" reversible="false">
        <listOfReactants>
          <speciesReference species="Nor1r_F_Sf0_Fp_Pola_C0"/>
        </listOfReactants>
        <listOfProducts>
          <speciesReference species="Nor1r_F_Sf0_Te_Polt_C0"/>
        </listOfProducts>
        <kineticLaw>
          <math xmlns="http://www.w3.org/1998/Math/MathML">
            <apply>
              <times/>
              <ci> k1 </ci>
              <ci> Nor1r_F_Sf0_Fp_Pola_C0 </ci>
            </apply>
          </math>
          <listOfParameters>
            <parameter id="k1" value="0.056"/>
          </listOfParameters>
        </kineticLaw>
      </reaction>
      <reaction id="Nor1r_F_Sf0_R0l_K_El_R" reversible="false">
        <listOfReactants>
          <speciesReference species="Nor1r_F_Sf0_R0l_Polb_C0"/>
        </listOfReactants>
        <listOfProducts>
          <speciesReference species="Nor1r_F_Sf0_Fp_Pola_C0"/>
          <speciesReference species="Nor1r_F_Sf0_R0l_B_Free_C0"/>
        </listOfProducts>
        <kineticLaw>
          <math xmlns="http://www.w3.org/1998/Math/MathML">
            <apply>
              <times/>
              <ci> k1 </ci>
              <ci> Nor1r_F_Sf0_R0l_Polb_C0 </ci>
            </apply>
          </math>
          <listOfParameters>
            <parameter id="k1" value="2"/>
          </listOfParameters>
        </kineticLaw>
      </reaction>
      <reaction id="Nor1r_F_Sf0_R0l_K_Drb_R" reversible="false">
        <listOfReactants>
          <speciesReference species="Nor1r_F_Sf0_R0l_Rb_C0"/>
        </listOfReactants>
        <listOfProducts>
          <speciesReference species="Ribpool_R_Free_C0"/>
        </listOfProducts>
        <kineticLaw>
          <math xmlns="http://www.w3.org/1998/Math/MathML">
            <apply>
              <times/>
              <ci> k1 </ci>
              <ci> Nor1r_F_Sf0_R0l_Rb_C0 </ci>
            </apply>
          </math>
          <listOfParameters>
            <parameter id="k1" value="0.0116"/>
          </listOfParameters>
        </kineticLaw>
      </reaction>
      <reaction id="Nor1r_F_Sf0_R0l_K2r_R" reversible="false">
        <listOfReactants>
          <speciesReference species="Nor1r_F_Sf0_R0l_Rb_C0"/>
        </listOfReactants>
        <listOfProducts>
          <speciesReference species="Nor1r_F_Sf0_Fp_Ra_C0"/>
          <speciesReference species="Nor1r_F_Sf0_R0l_B_Free_C0"/>
        </listOfProducts>
        <kineticLaw>
          <math xmlns="http://www.w3.org/1998/Math/MathML">
            <apply>
              <times/>
              <ci> k1 </ci>
              <ci> Nor1r_F_Sf0_R0l_Rb_C0 </ci>
            </apply>
          </math>
          <listOfParameters>
            <parameter id="k1" value="0.02"/>
          </listOfParameters>
        </kineticLaw>
      </reaction>
      <reaction id="Nor1r_F_Sf0_R0l_K_1r_R" reversible="false">
        <listOfReactants>
          <speciesReference species="Nor1r_F_Sf0_R0l_Rb_C0"/>
        </listOfReactants>
        <listOfProducts>
          <speciesReference species="Ribpool_R_Free_C0"/>
          <speciesReference species="Nor1r_F_Sf0_R0l_B_Free_C0"/>
        </listOfProducts>
        <kineticLaw>
          <math xmlns="http://www.w3.org/1998/Math/MathML">
            <apply>
              <times/>
              <ci> k1 </ci>
              <ci> Nor1r_F_Sf0_R0l_Rb_C0 </ci>
            </apply>
          </math>
          <listOfParameters>
            <parameter id="k1" value="0.01"/>
          </listOfParameters>
        </kineticLaw>
      </reaction>
      <reaction id="Nor1r_F_Sf0_R0l_K1r_R" reversible="false">
        <listOfReactants>
          <speciesReference species="Ribpool_R_Free_C0"/>
          <speciesReference species="Nor1r_F_Sf0_R0l_B_Free_C0"/>
        </listOfReactants>
        <listOfProducts>
          <speciesReference species="Nor1r_F_Sf0_R0l_Rb_C0"/>
        </listOfProducts>
        <kineticLaw>
          <math xmlns="http://www.w3.org/1998/Math/MathML">
            <apply>
              <times/>
              <ci> k1 </ci>
              <ci> Nor1r_F_Sf0_R0l_B_Free_C0 </ci>
              <ci> Ribpool_R_Free_C0 </ci>
            </apply>
          </math>
          <listOfParameters>
            <parameter id="k1" value="1000000"/>
          </listOfParameters>
        </kineticLaw>
      </reaction>
      <reaction id="Nor1r_F_Sf0_R0l_Kd1_R" reversible="false">
        <listOfReactants>
          <speciesReference species="Nor1r_F_Sf0_R0l_B_Free_C0"/>
        </listOfReactants>
        <kineticLaw>
          <math xmlns="http://www.w3.org/1998/Math/MathML">
            <apply>
              <times/>
              <ci> k1 </ci>
              <ci> Nor1r_F_Sf0_R0l_B_Free_C0 </ci>
            </apply>
          </math>
          <listOfParameters>
            <parameter id="k1" value="0.0116"/>
          </listOfParameters>
        </kineticLaw>
      </reaction>
      <reaction id="Nor1r_F_Sf0_Pranor_K22_Lk_R" reversible="false">
        <listOfReactants>
          <speciesReference species="Nor1r_F_Sf0_Pranor_O1t_C0"/>
        </listOfReactants>
        <listOfProducts>
          <speciesReference species="Nor1r_F_Sf0_Pranor_O1t_C0"/>
          <speciesReference species="Nor1r_F_Sf0_R0l_B_Free_C0"/>
        </listOfProducts>
        <kineticLaw>
          <math xmlns="http://www.w3.org/1998/Math/MathML">
            <apply>
              <times/>
              <ci> k1 </ci>
              <ci> Nor1r_F_Sf0_Pranor_O1t_C0 </ci>
            </apply>
          </math>
          <listOfParameters>
            <parameter id="k1" value="5e-05"/>
          </listOfParameters>
        </kineticLaw>
      </reaction>
      <reaction id="Nor1r_F_Sf0_Pranor_K2_R" reversible="false">
        <listOfReactants>
          <speciesReference species="Nor1r_F_Sf0_Pranor_Polo1f_C0"/>
        </listOfReactants>
        <listOfProducts>
          <speciesReference species="Nor1r_F_Sf0_R0l_Polb_C0"/>
          <speciesReference species="Nor1r_F_Sf0_Pranor_O1f_C0"/>
        </listOfProducts>
        <kineticLaw>
          <math xmlns="http://www.w3.org/1998/Math/MathML">
            <apply>
              <times/>
              <ci> k1 </ci>
              <ci> Nor1r_F_Sf0_Pranor_Polo1f_C0 </ci>
            </apply>
          </math>
          <listOfParameters>
            <parameter id="k1" value="0.05"/>
          </listOfParameters>
        </kineticLaw>
      </reaction>
      <reaction id="Nor1r_F_Sf0_Pranor_K_1_R" reversible="false">
        <listOfReactants>
          <speciesReference species="Nor1r_F_Sf0_Pranor_Polo1f_C0"/>
        </listOfReactants>
        <listOfProducts>
          <speciesReference species="Polpool_Pol_Free_C0"/>
          <speciesReference species="Nor1r_F_Sf0_Pranor_O1f_C0"/>
        </listOfProducts>
        <kineticLaw>
          <math xmlns="http://www.w3.org/1998/Math/MathML">
            <apply>
              <times/>
              <ci> k1 </ci>
              <ci> Nor1r_F_Sf0_Pranor_Polo1f_C0 </ci>
            </apply>
          </math>
          <listOfParameters>
            <parameter id="k1" value="0.01"/>
          </listOfParameters>
        </kineticLaw>
      </reaction>
      <reaction id="Nor1r_F_Sf0_Pranor_K1_R" reversible="false">
        <listOfReactants>
          <speciesReference species="Polpool_Pol_Free_C0"/>
          <speciesReference species="Nor1r_F_Sf0_Pranor_O1f_C0"/>
        </listOfReactants>
        <listOfProducts>
          <speciesReference species="Nor1r_F_Sf0_Pranor_Polo1f_C0"/>
        </listOfProducts>
        <kineticLaw>
          <math xmlns="http://www.w3.org/1998/Math/MathML">
            <apply>
              <times/>
              <ci> k1 </ci>
              <ci> Nor1r_F_Sf0_Pranor_O1f_C0 </ci>
              <ci> Polpool_Pol_Free_C0 </ci>
            </apply>
          </math>
          <listOfParameters>
            <parameter id="k1" value="1000000"/>
          </listOfParameters>
        </kineticLaw>
      </reaction>
      <reaction id="Nor1r_F_Sf0_Pranor_Kd12_R" reversible="false">
        <listOfReactants>
          <speciesReference species="Nor1r_F_Sf0_Pranor_O1t_C0"/>
        </listOfReactants>
        <listOfProducts>
          <speciesReference species="Nor1r_F_Sf0_Pranor_O1f_C0"/>
        </listOfProducts>
        <kineticLaw>
          <math xmlns="http://www.w3.org/1998/Math/MathML">
            <apply>
              <times/>
              <ci> k1 </ci>
              <ci> Nor1r_F_Sf0_Pranor_O1t_C0 </ci>
            </apply>
          </math>
          <listOfParameters>
            <parameter id="k1" value="0.00116"/>
          </listOfParameters>
        </kineticLaw>
      </reaction>
      <reaction id="Nor1r_F_Sf0_Pranor_Beta1_R" reversible="false">
        <listOfReactants>
          <speciesReference species="Nor1r_F_Sf0_Pranor_O1t_C0"/>
        </listOfReactants>
        <listOfProducts>
          <speciesReference species="Nor1r_F_Sf0_Pranor_O1f_C0"/>
          <speciesReference species="Int_R_Pool_Fd_A_C0"/>
        </listOfProducts>
        <kineticLaw>
          <math xmlns="http://www.w3.org/1998/Math/MathML">
            <apply>
              <times/>
              <ci> k1 </ci>
              <ci> Nor1r_F_Sf0_Pranor_O1t_C0 </ci>
            </apply>
          </math>
          <listOfParameters>
            <parameter id="k1" value="0.01"/>
          </listOfParameters>
        </kineticLaw>
      </reaction>
      <reaction id="Nor1r_F_Sf0_Pranor_Alpha1_R" reversible="false">
        <listOfReactants>
          <speciesReference species="Nor1r_F_Sf0_Pranor_O1f_C0"/>
          <speciesReference species="Int_R_Pool_Fd_A_C0"/>
        </listOfReactants>
        <listOfProducts>
          <speciesReference species="Nor1r_F_Sf0_Pranor_O1t_C0"/>
        </listOfProducts>
        <kineticLaw>
          <math xmlns="http://www.w3.org/1998/Math/MathML">
            <apply>
              <times/>
              <ci> k1 </ci>
              <ci> Int_R_Pool_Fd_A_C0 </ci>
              <ci> Nor1r_F_Sf0_Pranor_O1f_C0 </ci>
            </apply>
          </math>
          <listOfParameters>
            <parameter id="k1" value="1000000000"/>
          </listOfParameters>
        </kineticLaw>
      </reaction>
      <reaction id="Int_R_Pool_Kd_M_R" reversible="false">
        <listOfReactants>
          <speciesReference species="Int_R_Pool_Fm_C0"/>
        </listOfReactants>
        <kineticLaw>
          <math xmlns="http://www.w3.org/1998/Math/MathML">
            <apply>
              <times/>
              <ci> k1 </ci>
              <ci> Int_R_Pool_Fm_C0 </ci>
            </apply>
          </math>
          <listOfParameters>
            <parameter id="k1" value="0.00116"/>
          </listOfParameters>
        </kineticLaw>
      </reaction>
      <reaction id="Int_R_Pool_Kd_A_R" reversible="false">
        <listOfReactants>
          <speciesReference species="Int_R_Pool_Fd_A_C0"/>
        </listOfReactants>
        <kineticLaw>
          <math xmlns="http://www.w3.org/1998/Math/MathML">
            <apply>
              <times/>
              <ci> k1 </ci>
              <ci> Int_R_Pool_Fd_A_C0 </ci>
            </apply>
          </math>
          <listOfParameters>
            <parameter id="k1" value="0.00116"/>
          </listOfParameters>
        </kineticLaw>
      </reaction>
      <reaction id="Int_R_Pool_Delta_R" reversible="false">
        <listOfReactants>
          <speciesReference species="Int_R_Pool_Fm_C0" stoichiometry="2"/>
        </listOfReactants>
        <listOfProducts>
          <speciesReference species="Int_R_Pool_Fd_A_C0"/>
        </listOfProducts>
        <kineticLaw>
          <math xmlns="http://www.w3.org/1998/Math/MathML">
            <apply>
              <times/>
              <ci> k1 </ci>
              <ci> Int_R_Pool_Fm_C0 </ci>
              <ci> Int_R_Pool_Fm_C0 </ci>
            </apply>
          </math>
          <listOfParameters>
            <parameter id="k1" value="1000000000"/>
          </listOfParameters>
        </kineticLaw>
      </reaction>
      <reaction id="Int_R_Pool_Epsilon_R" reversible="false">
        <listOfReactants>
          <speciesReference species="Int_R_Pool_Fd_A_C0"/>
        </listOfReactants>
        <listOfProducts>
          <speciesReference species="Int_R_Pool_Fm_C0" stoichiometry="2"/>
        </listOfProducts>
        <kineticLaw>
          <math xmlns="http://www.w3.org/1998/Math/MathML">
            <apply>
              <times/>
              <ci> k1 </ci>
              <ci> Int_R_Pool_Fd_A_C0 </ci>
            </apply>
          </math>
          <listOfParameters>
            <parameter id="k1" value="10"/>
          </listOfParameters>
        </kineticLaw>
      </reaction>
      <reaction id="Nor1ra_R_It1_Te_Zeta_R" reversible="false">
        <listOfReactants>
          <speciesReference species="Nor1ra_R_It1_Te_Polt_C0"/>
        </listOfReactants>
        <listOfProducts>
          <speciesReference species="Polpool_Pol_Free_C0"/>
        </listOfProducts>
        <kineticLaw>
          <math xmlns="http://www.w3.org/1998/Math/MathML">
            <apply>
              <times/>
              <ci> k1 </ci>
              <ci> Nor1ra_R_It1_Te_Polt_C0 </ci>
            </apply>
          </math>
          <listOfParameters>
            <parameter id="k1" value="31.25"/>
          </listOfParameters>
        </kineticLaw>
      </reaction>
      <reaction id="Nor1ra_R_It1_Tf_Zeta_R_R" reversible="false">
        <listOfReactants>
          <speciesReference species="Nor1ra_R_It1_Tf_Ru_C0"/>
        </listOfReactants>
        <listOfProducts>
          <speciesReference species="Ribpool_R_Free_C0"/>
          <speciesReference species="Int_R_Pool_Fm_C0"/>
        </listOfProducts>
        <kineticLaw>
          <math xmlns="http://www.w3.org/1998/Math/MathML">
            <apply>
              <times/>
              <ci> k1 </ci>
              <ci> Nor1ra_R_It1_Tf_Ru_C0 </ci>
            </apply>
          </math>
          <listOfParameters>
            <parameter id="k1" value="0.5"/>
          </listOfParameters>
        </kineticLaw>
      </reaction>
      <reaction id="Nor1ra_R_It1_Tf_K_El_R_R" reversible="false">
        <listOfReactants>
          <speciesReference species="Nor1ra_R_It1_Tf_Ra_C0"/>
        </listOfReactants>
        <listOfProducts>
          <speciesReference species="Nor1ra_R_It1_Tf_Ru_C0"/>
        </listOfProducts>
        <kineticLaw>
          <math xmlns="http://www.w3.org/1998/Math/MathML">
            <apply>
              <times/>
              <ci> k1 </ci>
              <ci> Nor1ra_R_It1_Tf_Ra_C0 </ci>
            </apply>
          </math>
          <listOfParameters>
            <parameter id="k1" value="0.049"/>
          </listOfParameters>
        </kineticLaw>
      </reaction>
      <reaction id="Nor1ra_R_It1_Tf_K_El_R" reversible="false">
        <listOfReactants>
          <speciesReference species="Nor1ra_R_It1_Tf_Pola_C0"/>
        </listOfReactants>
        <listOfProducts>
          <speciesReference species="Nor1ra_R_It1_Te_Polt_C0"/>
        </listOfProducts>
        <kineticLaw>
          <math xmlns="http://www.w3.org/1998/Math/MathML">
            <apply>
              <times/>
              <ci> k1 </ci>
              <ci> Nor1ra_R_It1_Tf_Pola_C0 </ci>
            </apply>
          </math>
          <listOfParameters>
            <parameter id="k1" value="0.056"/>
          </listOfParameters>
        </kineticLaw>
      </reaction>
      <reaction id="Nor1ra_R_It1_R0l_K_El_R" reversible="false">
        <listOfReactants>
          <speciesReference species="Nor1ra_R_It1_R0l_Polb_C0"/>
        </listOfReactants>
        <listOfProducts>
          <speciesReference species="Nor1ra_R_It1_Tf_Pola_C0"/>
          <speciesReference species="Nor1ra_R_It1_R0l_B_Free_C0"/>
        </listOfProducts>
        <kineticLaw>
          <math xmlns="http://www.w3.org/1998/Math/MathML">
            <apply>
              <times/>
              <ci> k1 </ci>
              <ci> Nor1ra_R_It1_R0l_Polb_C0 </ci>
            </apply>
          </math>
          <listOfParameters>
            <parameter id="k1" value="2"/>
          </listOfParameters>
        </kineticLaw>
      </reaction>
      <reaction id="Nor1ra_R_It1_R0l_K_Drb_R" reversible="false">
        <listOfReactants>
          <speciesReference species="Nor1ra_R_It1_R0l_Rb_C0"/>
        </listOfReactants>
        <listOfProducts>
          <speciesReference species="Ribpool_R_Free_C0"/>
        </listOfProducts>
        <kineticLaw>
          <math xmlns="http://www.w3.org/1998/Math/MathML">
            <apply>
              <times/>
              <ci> k1 </ci>
              <ci> Nor1ra_R_It1_R0l_Rb_C0 </ci>
            </apply>
          </math>
          <listOfParameters>
            <parameter id="k1" value="0.0116"/>
          </listOfParameters>
        </kineticLaw>
      </reaction>
      <reaction id="Nor1ra_R_It1_R0l_K2r_R" reversible="false">
        <listOfReactants>
          <speciesReference species="Nor1ra_R_It1_R0l_Rb_C0"/>
        </listOfReactants>
        <listOfProducts>
          <speciesReference species="Nor1ra_R_It1_Tf_Ra_C0"/>
          <speciesReference species="Nor1ra_R_It1_R0l_B_Free_C0"/>
        </listOfProducts>
        <kineticLaw>
          <math xmlns="http://www.w3.org/1998/Math/MathML">
            <apply>
              <times/>
              <ci> k1 </ci>
              <ci> Nor1ra_R_It1_R0l_Rb_C0 </ci>
            </apply>
          </math>
          <listOfParameters>
            <parameter id="k1" value="0.02"/>
          </listOfParameters>
        </kineticLaw>
      </reaction>
      <reaction id="Nor1ra_R_It1_R0l_K_1r_R" reversible="false">
        <listOfReactants>
          <speciesReference species="Nor1ra_R_It1_R0l_Rb_C0"/>
        </listOfReactants>
        <listOfProducts>
          <speciesReference species="Ribpool_R_Free_C0"/>
          <speciesReference species="Nor1ra_R_It1_R0l_B_Free_C0"/>
        </listOfProducts>
        <kineticLaw>
          <math xmlns="http://www.w3.org/1998/Math/MathML">
            <apply>
              <times/>
              <ci> k1 </ci>
              <ci> Nor1ra_R_It1_R0l_Rb_C0 </ci>
            </apply>
          </math>
          <listOfParameters>
            <parameter id="k1" value="0.01"/>
          </listOfParameters>
        </kineticLaw>
      </reaction>
      <reaction id="Nor1ra_R_It1_R0l_K1r_R" reversible="false">
        <listOfReactants>
          <speciesReference species="Ribpool_R_Free_C0"/>
          <speciesReference species="Nor1ra_R_It1_R0l_B_Free_C0"/>
        </listOfReactants>
        <listOfProducts>
          <speciesReference species="Nor1ra_R_It1_R0l_Rb_C0"/>
        </listOfProducts>
        <kineticLaw>
          <math xmlns="http://www.w3.org/1998/Math/MathML">
            <apply>
              <times/>
              <ci> k1 </ci>
              <ci> Nor1ra_R_It1_R0l_B_Free_C0 </ci>
              <ci> Ribpool_R_Free_C0 </ci>
            </apply>
          </math>
          <listOfParameters>
            <parameter id="k1" value="1000000"/>
          </listOfParameters>
        </kineticLaw>
      </reaction>
      <reaction id="Nor1ra_R_It1_R0l_Kd1_R" reversible="false">
        <listOfReactants>
          <speciesReference species="Nor1ra_R_It1_R0l_B_Free_C0"/>
        </listOfReactants>
        <kineticLaw>
          <math xmlns="http://www.w3.org/1998/Math/MathML">
            <apply>
              <times/>
              <ci> k1 </ci>
              <ci> Nor1ra_R_It1_R0l_B_Free_C0 </ci>
            </apply>
          </math>
          <listOfParameters>
            <parameter id="k1" value="0.0116"/>
          </listOfParameters>
        </kineticLaw>
      </reaction>
      <reaction id="Nor1ra_R_It1_Pranor_K22_Lk_R" reversible="false">
        <listOfReactants>
          <speciesReference species="Nor1ra_R_It1_Pranor_O1t_C0"/>
        </listOfReactants>
        <listOfProducts>
          <speciesReference species="Nor1ra_R_It1_Pranor_O1t_C0"/>
          <speciesReference species="Nor1ra_R_It1_R0l_B_Free_C0"/>
        </listOfProducts>
        <kineticLaw>
          <math xmlns="http://www.w3.org/1998/Math/MathML">
            <apply>
              <times/>
              <ci> k1 </ci>
              <ci> Nor1ra_R_It1_Pranor_O1t_C0 </ci>
            </apply>
          </math>
          <listOfParameters>
            <parameter id="k1" value="5e-05"/>
          </listOfParameters>
        </kineticLaw>
      </reaction>
      <reaction id="Nor1ra_R_It1_Pranor_K2_R" reversible="false">
        <listOfReactants>
          <speciesReference species="Nor1ra_R_It1_Pranor_Polo1f_C0"/>
        </listOfReactants>
        <listOfProducts>
          <speciesReference species="Nor1ra_R_It1_R0l_Polb_C0"/>
          <speciesReference species="Nor1ra_R_It1_Pranor_O1f_C0"/>
        </listOfProducts>
        <kineticLaw>
          <math xmlns="http://www.w3.org/1998/Math/MathML">
            <apply>
              <times/>
              <ci> k1 </ci>
              <ci> Nor1ra_R_It1_Pranor_Polo1f_C0 </ci>
            </apply>
          </math>
          <listOfParameters>
            <parameter id="k1" value="0.05"/>
          </listOfParameters>
        </kineticLaw>
      </reaction>
      <reaction id="Nor1ra_R_It1_Pranor_K_1_R" reversible="false">
        <listOfReactants>
          <speciesReference species="Nor1ra_R_It1_Pranor_Polo1f_C0"/>
        </listOfReactants>
        <listOfProducts>
          <speciesReference species="Polpool_Pol_Free_C0"/>
          <speciesReference species="Nor1ra_R_It1_Pranor_O1f_C0"/>
        </listOfProducts>
        <kineticLaw>
          <math xmlns="http://www.w3.org/1998/Math/MathML">
            <apply>
              <times/>
              <ci> k1 </ci>
              <ci> Nor1ra_R_It1_Pranor_Polo1f_C0 </ci>
            </apply>
          </math>
          <listOfParameters>
            <parameter id="k1" value="0.01"/>
          </listOfParameters>
        </kineticLaw>
      </reaction>
      <reaction id="Nor1ra_R_It1_Pranor_K1_R" reversible="false">
        <listOfReactants>
          <speciesReference species="Polpool_Pol_Free_C0"/>
          <speciesReference species="Nor1ra_R_It1_Pranor_O1f_C0"/>
        </listOfReactants>
        <listOfProducts>
          <speciesReference species="Nor1ra_R_It1_Pranor_Polo1f_C0"/>
        </listOfProducts>
        <kineticLaw>
          <math xmlns="http://www.w3.org/1998/Math/MathML">
            <apply>
              <times/>
              <ci> k1 </ci>
              <ci> Nor1ra_R_It1_Pranor_O1f_C0 </ci>
              <ci> Polpool_Pol_Free_C0 </ci>
            </apply>
          </math>
          <listOfParameters>
            <parameter id="k1" value="1000000"/>
          </listOfParameters>
        </kineticLaw>
      </reaction>
      <reaction id="Nor1ra_R_It1_Pranor_Kd12_R" reversible="false">
        <listOfReactants>
          <speciesReference species="Nor1ra_R_It1_Pranor_O1t_C0"/>
        </listOfReactants>
        <listOfProducts>
          <speciesReference species="Nor1ra_R_It1_Pranor_O1f_C0"/>
        </listOfProducts>
        <kineticLaw>
          <math xmlns="http://www.w3.org/1998/Math/MathML">
            <apply>
              <times/>
              <ci> k1 </ci>
              <ci> Nor1ra_R_It1_Pranor_O1t_C0 </ci>
            </apply>
          </math>
          <listOfParameters>
            <parameter id="k1" value="0.00116"/>
          </listOfParameters>
        </kineticLaw>
      </reaction>
      <reaction id="Nor1ra_R_It1_Pranor_Beta1_R" reversible="false">
        <listOfReactants>
          <speciesReference species="Nor1ra_R_It1_Pranor_O1t_C0"/>
        </listOfReactants>
        <listOfProducts>
          <speciesReference species="Nor1ra_R_It1_Pranor_O1f_C0"/>
          <speciesReference species="A_Neg_Pool_Fd_A_C0"/>
        </listOfProducts>
        <kineticLaw>
          <math xmlns="http://www.w3.org/1998/Math/MathML">
            <apply>
              <times/>
              <ci> k1 </ci>
              <ci> Nor1ra_R_It1_Pranor_O1t_C0 </ci>
            </apply>
          </math>
          <listOfParameters>
            <parameter id="k1" value="0.01"/>
          </listOfParameters>
        </kineticLaw>
      </reaction>
      <reaction id="Nor1ra_R_It1_Pranor_Alpha1_R" reversible="false">
        <listOfReactants>
          <speciesReference species="Nor1ra_R_It1_Pranor_O1f_C0"/>
          <speciesReference species="A_Neg_Pool_Fd_A_C0"/>
        </listOfReactants>
        <listOfProducts>
          <speciesReference species="Nor1ra_R_It1_Pranor_O1t_C0"/>
        </listOfProducts>
        <kineticLaw>
          <math xmlns="http://www.w3.org/1998/Math/MathML">
            <apply>
              <times/>
              <ci> k1 </ci>
              <ci> A_Neg_Pool_Fd_A_C0 </ci>
              <ci> Nor1ra_R_It1_Pranor_O1f_C0 </ci>
            </apply>
          </math>
          <listOfParameters>
            <parameter id="k1" value="1000000000"/>
          </listOfParameters>
        </kineticLaw>
      </reaction>
      <reaction id="Nor2cc_R_It0_Te_Zeta_R" reversible="false">
        <listOfReactants>
          <speciesReference species="Nor2cc_R_It0_Te_Polt_C0"/>
        </listOfReactants>
        <listOfProducts>
          <speciesReference species="Polpool_Pol_Free_C0"/>
        </listOfProducts>
        <kineticLaw>
          <math xmlns="http://www.w3.org/1998/Math/MathML">
            <apply>
              <times/>
              <ci> k1 </ci>
              <ci> Nor2cc_R_It0_Te_Polt_C0 </ci>
            </apply>
          </math>
          <listOfParameters>
            <parameter id="k1" value="31.25"/>
          </listOfParameters>
        </kineticLaw>
      </reaction>
      <reaction id="Nor2cc_R_It0_Tfl_Zeta_R_R" reversible="false">
        <listOfReactants>
          <speciesReference species="Nor2cc_R_It0_Tfl_Ru_C0"/>
        </listOfReactants>
        <listOfProducts>
          <speciesReference species="Ribpool_R_Free_C0"/>
          <speciesReference species="Int_R_Pool_Fm_C0"/>
        </listOfProducts>
        <kineticLaw>
          <math xmlns="http://www.w3.org/1998/Math/MathML">
            <apply>
              <times/>
              <ci> k1 </ci>
              <ci> Nor2cc_R_It0_Tfl_Ru_C0 </ci>
            </apply>
          </math>
          <listOfParameters>
            <parameter id="k1" value="0.5"/>
          </listOfParameters>
        </kineticLaw>
      </reaction>
      <reaction id="Nor2cc_R_It0_Tfl_K_El_R_R" reversible="false">
        <listOfReactants>
          <speciesReference species="Nor2cc_R_It0_Tfl_Ra_C0"/>
        </listOfReactants>
        <listOfProducts>
          <speciesReference species="Nor2cc_R_It0_Tfl_Ru_C0"/>
        </listOfProducts>
        <kineticLaw>
          <math xmlns="http://www.w3.org/1998/Math/MathML">
            <apply>
              <times/>
              <ci> k1 </ci>
              <ci> Nor2cc_R_It0_Tfl_Ra_C0 </ci>
            </apply>
          </math>
          <listOfParameters>
            <parameter id="k1" value="0.049"/>
          </listOfParameters>
        </kineticLaw>
      </reaction>
      <reaction id="Nor2cc_R_It0_Tfl_K_El_R" reversible="false">
        <listOfReactants>
          <speciesReference species="Nor2cc_R_It0_Tfl_Pola_C0"/>
        </listOfReactants>
        <listOfProducts>
          <speciesReference species="Nor2cc_R_It0_Te_Polt_C0"/>
        </listOfProducts>
        <kineticLaw>
          <math xmlns="http://www.w3.org/1998/Math/MathML">
            <apply>
              <times/>
              <ci> k1 </ci>
              <ci> Nor2cc_R_It0_Tfl_Pola_C0 </ci>
            </apply>
          </math>
          <listOfParameters>
            <parameter id="k1" value="0.056"/>
          </listOfParameters>
        </kineticLaw>
      </reaction>
      <reaction id="Nor2cc_R_It0_Rccnor_K_El_R" reversible="false">
        <listOfReactants>
          <speciesReference species="Nor2cc_R_It0_Rccnor_Polb_C0"/>
        </listOfReactants>
        <listOfProducts>
          <speciesReference species="Nor2cc_R_It0_Tfl_Pola_C0"/>
          <speciesReference species="Nor2cc_R_It0_Rccnor_B1nb2n_C0"/>
        </listOfProducts>
        <kineticLaw>
          <math xmlns="http://www.w3.org/1998/Math/MathML">
            <apply>
              <times/>
              <ci> k1 </ci>
              <ci> Nor2cc_R_It0_Rccnor_Polb_C0 </ci>
            </apply>
          </math>
          <listOfParameters>
            <parameter id="k1" value="2"/>
          </listOfParameters>
        </kineticLaw>
      </reaction>
      <reaction id="Nor2cc_R_It0_Rccnor_K24r_Lk_R" reversible="false">
        <listOfReactants>
          <speciesReference species="Nor2cc_R_It0_Rccnor_B1fb2f_C0"/>
        </listOfReactants>
        <listOfProducts>
          <speciesReference species="Int_R_Pool_Fm_C0"/>
          <speciesReference species="Nor2cc_R_It0_Rccnor_B1fb2f_C0"/>
        </listOfProducts>
        <kineticLaw>
          <math xmlns="http://www.w3.org/1998/Math/MathML">
            <apply>
              <times/>
              <ci> k1 </ci>
              <ci> Nor2cc_R_It0_Rccnor_B1fb2f_C0 </ci>
            </apply>
          </math>
          <listOfParameters>
            <parameter id="k1" value="1e-05"/>
          </listOfParameters>
        </kineticLaw>
      </reaction>
      <reaction id="Nor2cc_R_It0_Rccnor_K23r_Lk_R" reversible="false">
        <listOfReactants>
          <speciesReference species="Nor2cc_R_It0_Rccnor_B1fb2n_C0"/>
        </listOfReactants>
        <listOfProducts>
          <speciesReference species="Int_R_Pool_Fm_C0"/>
          <speciesReference species="Nor2cc_R_It0_Rccnor_B1fb2n_C0"/>
        </listOfProducts>
        <kineticLaw>
          <math xmlns="http://www.w3.org/1998/Math/MathML">
            <apply>
              <times/>
              <ci> k1 </ci>
              <ci> Nor2cc_R_It0_Rccnor_B1fb2n_C0 </ci>
            </apply>
          </math>
          <listOfParameters>
            <parameter id="k1" value="1e-05"/>
          </listOfParameters>
        </kineticLaw>
      </reaction>
      <reaction id="Nor2cc_R_It0_Rccnor_K22r_Lk_R" reversible="false">
        <listOfReactants>
          <speciesReference species="Nor2cc_R_It0_Rccnor_B1nb2f_C0"/>
        </listOfReactants>
        <listOfProducts>
          <speciesReference species="Int_R_Pool_Fm_C0"/>
          <speciesReference species="Nor2cc_R_It0_Rccnor_B1nb2f_C0"/>
        </listOfProducts>
        <kineticLaw>
          <math xmlns="http://www.w3.org/1998/Math/MathML">
            <apply>
              <times/>
              <ci> k1 </ci>
              <ci> Nor2cc_R_It0_Rccnor_B1nb2f_C0 </ci>
            </apply>
          </math>
          <listOfParameters>
            <parameter id="k1" value="1e-05"/>
          </listOfParameters>
        </kineticLaw>
      </reaction>
      <reaction id="Nor2cc_R_It0_Rccnor_K_Dr1_R" reversible="false">
        <listOfReactants>
          <speciesReference species="Nor2cc_R_It0_Rccnor_Rb1nb2n_C0"/>
        </listOfReactants>
        <listOfProducts>
          <speciesReference species="Ribpool_R_Free_C0"/>
        </listOfProducts>
        <kineticLaw>
          <math xmlns="http://www.w3.org/1998/Math/MathML">
            <apply>
              <times/>
              <ci> k1 </ci>
              <ci> Nor2cc_R_It0_Rccnor_Rb1nb2n_C0 </ci>
            </apply>
          </math>
          <listOfParameters>
            <parameter id="k1" value="0.0116"/>
          </listOfParameters>
        </kineticLaw>
      </reaction>
      <reaction id="Nor2cc_R_It0_Rccnor_K2r_R" reversible="false">
        <listOfReactants>
          <speciesReference species="Nor2cc_R_It0_Rccnor_Rb1nb2n_C0"/>
        </listOfReactants>
        <listOfProducts>
          <speciesReference species="Nor2cc_R_It0_Tfl_Ra_C0"/>
          <speciesReference species="Nor2cc_R_It0_Rccnor_B1nb2n_C0"/>
        </listOfProducts>
        <kineticLaw>
          <math xmlns="http://www.w3.org/1998/Math/MathML">
            <apply>
              <times/>
              <ci> k1 </ci>
              <ci> Nor2cc_R_It0_Rccnor_Rb1nb2n_C0 </ci>
            </apply>
          </math>
          <listOfParameters>
            <parameter id="k1" value="0.02"/>
          </listOfParameters>
        </kineticLaw>
      </reaction>
      <reaction id="Nor2cc_R_It0_Rccnor_K_1r_R" reversible="false">
        <listOfReactants>
          <speciesReference species="Nor2cc_R_It0_Rccnor_Rb1nb2n_C0"/>
        </listOfReactants>
        <listOfProducts>
          <speciesReference species="Ribpool_R_Free_C0"/>
          <speciesReference species="Nor2cc_R_It0_Rccnor_B1nb2n_C0"/>
        </listOfProducts>
        <kineticLaw>
          <math xmlns="http://www.w3.org/1998/Math/MathML">
            <apply>
              <times/>
              <ci> k1 </ci>
              <ci> Nor2cc_R_It0_Rccnor_Rb1nb2n_C0 </ci>
            </apply>
          </math>
          <listOfParameters>
            <parameter id="k1" value="0.01"/>
          </listOfParameters>
        </kineticLaw>
      </reaction>
      <reaction id="Nor2cc_R_It0_Rccnor_K1r_R" reversible="false">
        <listOfReactants>
          <speciesReference species="Ribpool_R_Free_C0"/>
          <speciesReference species="Nor2cc_R_It0_Rccnor_B1nb2n_C0"/>
        </listOfReactants>
        <listOfProducts>
          <speciesReference species="Nor2cc_R_It0_Rccnor_Rb1nb2n_C0"/>
        </listOfProducts>
        <kineticLaw>
          <math xmlns="http://www.w3.org/1998/Math/MathML">
            <apply>
              <times/>
              <ci> k1 </ci>
              <ci> Nor2cc_R_It0_Rccnor_B1nb2n_C0 </ci>
              <ci> Ribpool_R_Free_C0 </ci>
            </apply>
          </math>
          <listOfParameters>
            <parameter id="k1" value="1000000"/>
          </listOfParameters>
        </kineticLaw>
      </reaction>
      <reaction id="Nor2cc_R_It0_Rccnor_Kd4_R" reversible="false">
        <listOfReactants>
          <speciesReference species="Nor2cc_R_It0_Rccnor_B1fb2f_C0"/>
        </listOfReactants>
        <listOfProducts>
          <speciesReference species="B_Pool_S_Free_C0"/>
          <speciesReference species="A_Pool_S_Free_C0"/>
        </listOfProducts>
        <kineticLaw>
          <math xmlns="http://www.w3.org/1998/Math/MathML">
            <apply>
              <times/>
              <ci> k1 </ci>
              <ci> Nor2cc_R_It0_Rccnor_B1fb2f_C0 </ci>
            </apply>
          </math>
          <listOfParameters>
            <parameter id="k1" value="0.0116"/>
          </listOfParameters>
        </kineticLaw>
      </reaction>
      <reaction id="Nor2cc_R_It0_Rccnor_Kd3_R" reversible="false">
        <listOfReactants>
          <speciesReference species="Nor2cc_R_It0_Rccnor_B1fb2n_C0"/>
        </listOfReactants>
        <listOfProducts>
          <speciesReference species="A_Pool_S_Free_C0"/>
        </listOfProducts>
        <kineticLaw>
          <math xmlns="http://www.w3.org/1998/Math/MathML">
            <apply>
              <times/>
              <ci> k1 </ci>
              <ci> Nor2cc_R_It0_Rccnor_B1fb2n_C0 </ci>
            </apply>
          </math>
          <listOfParameters>
            <parameter id="k1" value="0.0116"/>
          </listOfParameters>
        </kineticLaw>
      </reaction>
      <reaction id="Nor2cc_R_It0_Rccnor_Kd2_R" reversible="false">
        <listOfReactants>
          <speciesReference species="Nor2cc_R_It0_Rccnor_B1nb2f_C0"/>
        </listOfReactants>
        <listOfProducts>
          <speciesReference species="B_Pool_S_Free_C0"/>
        </listOfProducts>
        <kineticLaw>
          <math xmlns="http://www.w3.org/1998/Math/MathML">
            <apply>
              <times/>
              <ci> k1 </ci>
              <ci> Nor2cc_R_It0_Rccnor_B1nb2f_C0 </ci>
            </apply>
          </math>
          <listOfParameters>
            <parameter id="k1" value="0.0116"/>
          </listOfParameters>
        </kineticLaw>
      </reaction>
      <reaction id="Nor2cc_R_It0_Rccnor_Kd1_R" reversible="false">
        <listOfReactants>
          <speciesReference species="Nor2cc_R_It0_Rccnor_B1nb2n_C0"/>
        </listOfReactants>
        <kineticLaw>
          <math xmlns="http://www.w3.org/1998/Math/MathML">
            <apply>
              <times/>
              <ci> k1 </ci>
              <ci> Nor2cc_R_It0_Rccnor_B1nb2n_C0 </ci>
            </apply>
          </math>
          <listOfParameters>
            <parameter id="k1" value="0.0116"/>
          </listOfParameters>
        </kineticLaw>
      </reaction>
      <reaction id="Nor2cc_R_It0_Rccnor_Csi2f_R" reversible="false">
        <listOfReactants>
          <speciesReference species="Nor2cc_R_It0_Rccnor_B1fb2f_C0"/>
        </listOfReactants>
        <listOfProducts>
          <speciesReference species="B_Pool_S_Free_C0"/>
          <speciesReference species="Nor2cc_R_It0_Rccnor_B1fb2n_C0"/>
        </listOfProducts>
        <kineticLaw>
          <math xmlns="http://www.w3.org/1998/Math/MathML">
            <apply>
              <times/>
              <ci> k1 </ci>
              <ci> Nor2cc_R_It0_Rccnor_B1fb2f_C0 </ci>
            </apply>
          </math>
          <listOfParameters>
            <parameter id="k1" value="0.01"/>
          </listOfParameters>
        </kineticLaw>
      </reaction>
      <reaction id="Nor2cc_R_It0_Rccnor_Theta2f_R" reversible="false">
        <listOfReactants>
          <speciesReference species="B_Pool_S_Free_C0"/>
          <speciesReference species="Nor2cc_R_It0_Rccnor_B1fb2n_C0"/>
        </listOfReactants>
        <listOfProducts>
          <speciesReference species="Nor2cc_R_It0_Rccnor_B1fb2f_C0"/>
        </listOfProducts>
        <kineticLaw>
          <math xmlns="http://www.w3.org/1998/Math/MathML">
            <apply>
              <times/>
              <ci> k1 </ci>
              <ci> B_Pool_S_Free_C0 </ci>
              <ci> Nor2cc_R_It0_Rccnor_B1fb2n_C0 </ci>
            </apply>
          </math>
          <listOfParameters>
            <parameter id="k1" value="1000000000"/>
          </listOfParameters>
        </kineticLaw>
      </reaction>
      <reaction id="Nor2cc_R_It0_Rccnor_Csi2n_R" reversible="false">
        <listOfReactants>
          <speciesReference species="Nor2cc_R_It0_Rccnor_B1nb2f_C0"/>
        </listOfReactants>
        <listOfProducts>
          <speciesReference species="B_Pool_S_Free_C0"/>
          <speciesReference species="Nor2cc_R_It0_Rccnor_B1nb2n_C0"/>
        </listOfProducts>
        <kineticLaw>
          <math xmlns="http://www.w3.org/1998/Math/MathML">
            <apply>
              <times/>
              <ci> k1 </ci>
              <ci> Nor2cc_R_It0_Rccnor_B1nb2f_C0 </ci>
            </apply>
          </math>
          <listOfParameters>
            <parameter id="k1" value="0.01"/>
          </listOfParameters>
        </kineticLaw>
      </reaction>
      <reaction id="Nor2cc_R_It0_Rccnor_Theta2n_R" reversible="false">
        <listOfReactants>
          <speciesReference species="B_Pool_S_Free_C0"/>
          <speciesReference species="Nor2cc_R_It0_Rccnor_B1nb2n_C0"/>
        </listOfReactants>
        <listOfProducts>
          <speciesReference species="Nor2cc_R_It0_Rccnor_B1nb2f_C0"/>
        </listOfProducts>
        <kineticLaw>
          <math xmlns="http://www.w3.org/1998/Math/MathML">
            <apply>
              <times/>
              <ci> k1 </ci>
              <ci> B_Pool_S_Free_C0 </ci>
              <ci> Nor2cc_R_It0_Rccnor_B1nb2n_C0 </ci>
            </apply>
          </math>
          <listOfParameters>
            <parameter id="k1" value="1000000000"/>
          </listOfParameters>
        </kineticLaw>
      </reaction>
      <reaction id="Nor2cc_R_It0_Rccnor_Csi1f_R" reversible="false">
        <listOfReactants>
          <speciesReference species="Nor2cc_R_It0_Rccnor_B1fb2f_C0"/>
        </listOfReactants>
        <listOfProducts>
          <speciesReference species="A_Pool_S_Free_C0"/>
          <speciesReference species="Nor2cc_R_It0_Rccnor_B1nb2f_C0"/>
        </listOfProducts>
        <kineticLaw>
          <math xmlns="http://www.w3.org/1998/Math/MathML">
            <apply>
              <times/>
              <ci> k1 </ci>
              <ci> Nor2cc_R_It0_Rccnor_B1fb2f_C0 </ci>
            </apply>
          </math>
          <listOfParameters>
            <parameter id="k1" value="0.01"/>
          </listOfParameters>
        </kineticLaw>
      </reaction>
      <reaction id="Nor2cc_R_It0_Rccnor_Theta1f_R" reversible="false">
        <listOfReactants>
          <speciesReference species="A_Pool_S_Free_C0"/>
          <speciesReference species="Nor2cc_R_It0_Rccnor_B1nb2f_C0"/>
        </listOfReactants>
        <listOfProducts>
          <speciesReference species="Nor2cc_R_It0_Rccnor_B1fb2f_C0"/>
        </listOfProducts>
        <kineticLaw>
          <math xmlns="http://www.w3.org/1998/Math/MathML">
            <apply>
              <times/>
              <ci> k1 </ci>
              <ci> A_Pool_S_Free_C0 </ci>
              <ci> Nor2cc_R_It0_Rccnor_B1nb2f_C0 </ci>
            </apply>
          </math>
          <listOfParameters>
            <parameter id="k1" value="1000000000"/>
          </listOfParameters>
        </kineticLaw>
      </reaction>
      <reaction id="Nor2cc_R_It0_Rccnor_Csi1n_R" reversible="false">
        <listOfReactants>
          <speciesReference species="Nor2cc_R_It0_Rccnor_B1fb2n_C0"/>
        </listOfReactants>
        <listOfProducts>
          <speciesReference species="A_Pool_S_Free_C0"/>
          <speciesReference species="Nor2cc_R_It0_Rccnor_B1nb2n_C0"/>
        </listOfProducts>
        <kineticLaw>
          <math xmlns="http://www.w3.org/1998/Math/MathML">
            <apply>
              <times/>
              <ci> k1 </ci>
              <ci> Nor2cc_R_It0_Rccnor_B1fb2n_C0 </ci>
            </apply>
          </math>
          <listOfParameters>
            <parameter id="k1" value="0.01"/>
          </listOfParameters>
        </kineticLaw>
      </reaction>
      <reaction id="Nor2cc_R_It0_Rccnor_Theta1n_R" reversible="false">
        <listOfReactants>
          <speciesReference species="A_Pool_S_Free_C0"/>
          <speciesReference species="Nor2cc_R_It0_Rccnor_B1nb2n_C0"/>
        </listOfReactants>
        <listOfProducts>
          <speciesReference species="Nor2cc_R_It0_Rccnor_B1fb2n_C0"/>
        </listOfProducts>
        <kineticLaw>
          <math xmlns="http://www.w3.org/1998/Math/MathML">
            <apply>
              <times/>
              <ci> k1 </ci>
              <ci> A_Pool_S_Free_C0 </ci>
              <ci> Nor2cc_R_It0_Rccnor_B1nb2n_C0 </ci>
            </apply>
          </math>
          <listOfParameters>
            <parameter id="k1" value="1000000000"/>
          </listOfParameters>
        </kineticLaw>
      </reaction>
      <reaction id="Nor2cc_R_It0_P0_K2_R" reversible="false">
        <listOfReactants>
          <speciesReference species="Nor2cc_R_It0_P0_Ppol_C0"/>
        </listOfReactants>
        <listOfProducts>
          <speciesReference species="Nor2cc_R_It0_Rccnor_Polb_C0"/>
          <speciesReference species="Nor2cc_R_It0_P0_P_Free_C0"/>
        </listOfProducts>
        <kineticLaw>
          <math xmlns="http://www.w3.org/1998/Math/MathML">
            <apply>
              <times/>
              <ci> k1 </ci>
              <ci> Nor2cc_R_It0_P0_Ppol_C0 </ci>
            </apply>
          </math>
          <listOfParameters>
            <parameter id="k1" value="0.05"/>
          </listOfParameters>
        </kineticLaw>
      </reaction>
      <reaction id="Nor2cc_R_It0_P0_K_1_R" reversible="false">
        <listOfReactants>
          <speciesReference species="Nor2cc_R_It0_P0_Ppol_C0"/>
        </listOfReactants>
        <listOfProducts>
          <speciesReference species="Polpool_Pol_Free_C0"/>
          <speciesReference species="Nor2cc_R_It0_P0_P_Free_C0"/>
        </listOfProducts>
        <kineticLaw>
          <math xmlns="http://www.w3.org/1998/Math/MathML">
            <apply>
              <times/>
              <ci> k1 </ci>
              <ci> Nor2cc_R_It0_P0_Ppol_C0 </ci>
            </apply>
          </math>
          <listOfParameters>
            <parameter id="k1" value="0.01"/>
          </listOfParameters>
        </kineticLaw>
      </reaction>
      <reaction id="Nor2cc_R_It0_P0_K1_R" reversible="false">
        <listOfReactants>
          <speciesReference species="Polpool_Pol_Free_C0"/>
          <speciesReference species="Nor2cc_R_It0_P0_P_Free_C0"/>
        </listOfReactants>
        <listOfProducts>
          <speciesReference species="Nor2cc_R_It0_P0_Ppol_C0"/>
        </listOfProducts>
        <kineticLaw>
          <math xmlns="http://www.w3.org/1998/Math/MathML">
            <apply>
              <times/>
              <ci> k1 </ci>
              <ci> Nor2cc_R_It0_P0_P_Free_C0 </ci>
              <ci> Polpool_Pol_Free_C0 </ci>
            </apply>
          </math>
          <listOfParameters>
            <parameter id="k1" value="1000000"/>
          </listOfParameters>
        </kineticLaw>
      </reaction>
      <reaction id="A_Neg_Pool_Kd_M_R" reversible="false">
        <listOfReactants>
          <speciesReference species="A_Neg_Pool_Fm_C0"/>
        </listOfReactants>
        <kineticLaw>
          <math xmlns="http://www.w3.org/1998/Math/MathML">
            <apply>
              <times/>
              <ci> k1 </ci>
              <ci> A_Neg_Pool_Fm_C0 </ci>
            </apply>
          </math>
          <listOfParameters>
            <parameter id="k1" value="0.00116"/>
          </listOfParameters>
        </kineticLaw>
      </reaction>
      <reaction id="A_Neg_Pool_Kd_A_R" reversible="false">
        <listOfReactants>
          <speciesReference species="A_Neg_Pool_Fd_A_C0"/>
        </listOfReactants>
        <kineticLaw>
          <math xmlns="http://www.w3.org/1998/Math/MathML">
            <apply>
              <times/>
              <ci> k1 </ci>
              <ci> A_Neg_Pool_Fd_A_C0 </ci>
            </apply>
          </math>
          <listOfParameters>
            <parameter id="k1" value="0.00116"/>
          </listOfParameters>
        </kineticLaw>
      </reaction>
      <reaction id="A_Neg_Pool_Delta_R" reversible="false">
        <listOfReactants>
          <speciesReference species="A_Neg_Pool_Fm_C0" stoichiometry="2"/>
        </listOfReactants>
        <listOfProducts>
          <speciesReference species="A_Neg_Pool_Fd_A_C0"/>
        </listOfProducts>
        <kineticLaw>
          <math xmlns="http://www.w3.org/1998/Math/MathML">
            <apply>
              <times/>
              <ci> k1 </ci>
              <ci> A_Neg_Pool_Fm_C0 </ci>
              <ci> A_Neg_Pool_Fm_C0 </ci>
            </apply>
          </math>
          <listOfParameters>
            <parameter id="k1" value="1000000000"/>
          </listOfParameters>
        </kineticLaw>
      </reaction>
      <reaction id="A_Neg_Pool_Epsilon_R" reversible="false">
        <listOfReactants>
          <speciesReference species="A_Neg_Pool_Fd_A_C0"/>
        </listOfReactants>
        <listOfProducts>
          <speciesReference species="A_Neg_Pool_Fm_C0" stoichiometry="2"/>
        </listOfProducts>
        <kineticLaw>
          <math xmlns="http://www.w3.org/1998/Math/MathML">
            <apply>
              <times/>
              <ci> k1 </ci>
              <ci> A_Neg_Pool_Fd_A_C0 </ci>
            </apply>
          </math>
          <listOfParameters>
            <parameter id="k1" value="10"/>
          </listOfParameters>
        </kineticLaw>
      </reaction>
      <reaction id="Not2_Ip1_Te_Zeta_R" reversible="false">
        <listOfReactants>
          <speciesReference species="Not2_Ip1_Te_Polt_C0"/>
        </listOfReactants>
        <listOfProducts>
          <speciesReference species="Polpool_Pol_Free_C0"/>
        </listOfProducts>
        <kineticLaw>
          <math xmlns="http://www.w3.org/1998/Math/MathML">
            <apply>
              <times/>
              <ci> k1 </ci>
              <ci> Not2_Ip1_Te_Polt_C0 </ci>
            </apply>
          </math>
          <listOfParameters>
            <parameter id="k1" value="31.25"/>
          </listOfParameters>
        </kineticLaw>
      </reaction>
      <reaction id="Not2_Ip1_Tfl_Zeta_R_R" reversible="false">
        <listOfReactants>
          <speciesReference species="Not2_Ip1_Tfl_Ru_C0"/>
        </listOfReactants>
        <listOfProducts>
          <speciesReference species="Ribpool_R_Free_C0"/>
          <speciesReference species="A_Neg_Pool_Fm_C0"/>
        </listOfProducts>
        <kineticLaw>
          <math xmlns="http://www.w3.org/1998/Math/MathML">
            <apply>
              <times/>
              <ci> k1 </ci>
              <ci> Not2_Ip1_Tfl_Ru_C0 </ci>
            </apply>
          </math>
          <listOfParameters>
            <parameter id="k1" value="0.5"/>
          </listOfParameters>
        </kineticLaw>
      </reaction>
      <reaction id="Not2_Ip1_Tfl_K_El_R_R" reversible="false">
        <listOfReactants>
          <speciesReference species="Not2_Ip1_Tfl_Ra_C0"/>
        </listOfReactants>
        <listOfProducts>
          <speciesReference species="Not2_Ip1_Tfl_Ru_C0"/>
        </listOfProducts>
        <kineticLaw>
          <math xmlns="http://www.w3.org/1998/Math/MathML">
            <apply>
              <times/>
              <ci> k1 </ci>
              <ci> Not2_Ip1_Tfl_Ra_C0 </ci>
            </apply>
          </math>
          <listOfParameters>
            <parameter id="k1" value="0.049"/>
          </listOfParameters>
        </kineticLaw>
      </reaction>
      <reaction id="Not2_Ip1_Tfl_K_El_R" reversible="false">
        <listOfReactants>
          <speciesReference species="Not2_Ip1_Tfl_Pola_C0"/>
        </listOfReactants>
        <listOfProducts>
          <speciesReference species="Not2_Ip1_Te_Polt_C0"/>
        </listOfProducts>
        <kineticLaw>
          <math xmlns="http://www.w3.org/1998/Math/MathML">
            <apply>
              <times/>
              <ci> k1 </ci>
              <ci> Not2_Ip1_Tfl_Pola_C0 </ci>
            </apply>
          </math>
          <listOfParameters>
            <parameter id="k1" value="0.056"/>
          </listOfParameters>
        </kineticLaw>
      </reaction>
      <reaction id="Not2_Ip1_Rcnot_K_El_R" reversible="false">
        <listOfReactants>
          <speciesReference species="Not2_Ip1_Rcnot_Polb_C0"/>
        </listOfReactants>
        <listOfProducts>
          <speciesReference species="Not2_Ip1_Tfl_Pola_C0"/>
          <speciesReference species="Not2_Ip1_Rcnot_B1n_C0"/>
        </listOfProducts>
        <kineticLaw>
          <math xmlns="http://www.w3.org/1998/Math/MathML">
            <apply>
              <times/>
              <ci> k1 </ci>
              <ci> Not2_Ip1_Rcnot_Polb_C0 </ci>
            </apply>
          </math>
          <listOfParameters>
            <parameter id="k1" value="2"/>
          </listOfParameters>
        </kineticLaw>
      </reaction>
      <reaction id="Not2_Ip1_Rcnot_K2r_Lk_R" reversible="false">
        <listOfReactants>
          <speciesReference species="Not2_Ip1_Rcnot_B1f_C0"/>
        </listOfReactants>
        <listOfProducts>
          <speciesReference species="A_Neg_Pool_Fm_C0"/>
          <speciesReference species="Not2_Ip1_Rcnot_B1f_C0"/>
        </listOfProducts>
        <kineticLaw>
          <math xmlns="http://www.w3.org/1998/Math/MathML">
            <apply>
              <times/>
              <ci> k1 </ci>
              <ci> Not2_Ip1_Rcnot_B1f_C0 </ci>
            </apply>
          </math>
          <listOfParameters>
            <parameter id="k1" value="1e-05"/>
          </listOfParameters>
        </kineticLaw>
      </reaction>
      <reaction id="Not2_Ip1_Rcnot_K_Dr1_R" reversible="false">
        <listOfReactants>
          <speciesReference species="Not2_Ip1_Rcnot_Rb1n_C0"/>
        </listOfReactants>
        <listOfProducts>
          <speciesReference species="Ribpool_R_Free_C0"/>
        </listOfProducts>
        <kineticLaw>
          <math xmlns="http://www.w3.org/1998/Math/MathML">
            <apply>
              <times/>
              <ci> k1 </ci>
              <ci> Not2_Ip1_Rcnot_Rb1n_C0 </ci>
            </apply>
          </math>
          <listOfParameters>
            <parameter id="k1" value="0.0116"/>
          </listOfParameters>
        </kineticLaw>
      </reaction>
      <reaction id="Not2_Ip1_Rcnot_K2r_R" reversible="false">
        <listOfReactants>
          <speciesReference species="Not2_Ip1_Rcnot_Rb1n_C0"/>
        </listOfReactants>
        <listOfProducts>
          <speciesReference species="Not2_Ip1_Tfl_Ra_C0"/>
          <speciesReference species="Not2_Ip1_Rcnot_B1n_C0"/>
        </listOfProducts>
        <kineticLaw>
          <math xmlns="http://www.w3.org/1998/Math/MathML">
            <apply>
              <times/>
              <ci> k1 </ci>
              <ci> Not2_Ip1_Rcnot_Rb1n_C0 </ci>
            </apply>
          </math>
          <listOfParameters>
            <parameter id="k1" value="0.02"/>
          </listOfParameters>
        </kineticLaw>
      </reaction>
      <reaction id="Not2_Ip1_Rcnot_K_1r_R" reversible="false">
        <listOfReactants>
          <speciesReference species="Not2_Ip1_Rcnot_Rb1n_C0"/>
        </listOfReactants>
        <listOfProducts>
          <speciesReference species="Ribpool_R_Free_C0"/>
          <speciesReference species="Not2_Ip1_Rcnot_B1n_C0"/>
        </listOfProducts>
        <kineticLaw>
          <math xmlns="http://www.w3.org/1998/Math/MathML">
            <apply>
              <times/>
              <ci> k1 </ci>
              <ci> Not2_Ip1_Rcnot_Rb1n_C0 </ci>
            </apply>
          </math>
          <listOfParameters>
            <parameter id="k1" value="0.01"/>
          </listOfParameters>
        </kineticLaw>
      </reaction>
      <reaction id="Not2_Ip1_Rcnot_K1r_R" reversible="false">
        <listOfReactants>
          <speciesReference species="Ribpool_R_Free_C0"/>
          <speciesReference species="Not2_Ip1_Rcnot_B1n_C0"/>
        </listOfReactants>
        <listOfProducts>
          <speciesReference species="Not2_Ip1_Rcnot_Rb1n_C0"/>
        </listOfProducts>
        <kineticLaw>
          <math xmlns="http://www.w3.org/1998/Math/MathML">
            <apply>
              <times/>
              <ci> k1 </ci>
              <ci> Not2_Ip1_Rcnot_B1n_C0 </ci>
              <ci> Ribpool_R_Free_C0 </ci>
            </apply>
          </math>
          <listOfParameters>
            <parameter id="k1" value="1000000"/>
          </listOfParameters>
        </kineticLaw>
      </reaction>
      <reaction id="Not2_Ip1_Rcnot_Kd2_R" reversible="false">
        <listOfReactants>
          <speciesReference species="Not2_Ip1_Rcnot_B1f_C0"/>
        </listOfReactants>
        <listOfProducts>
          <speciesReference species="B_Pool_S_Free_C0"/>
        </listOfProducts>
        <kineticLaw>
          <math xmlns="http://www.w3.org/1998/Math/MathML">
            <apply>
              <times/>
              <ci> k1 </ci>
              <ci> Not2_Ip1_Rcnot_B1f_C0 </ci>
            </apply>
          </math>
          <listOfParameters>
            <parameter id="k1" value="0.0116"/>
          </listOfParameters>
        </kineticLaw>
      </reaction>
      <reaction id="Not2_Ip1_Rcnot_Kd1_R" reversible="false">
        <listOfReactants>
          <speciesReference species="Not2_Ip1_Rcnot_B1n_C0"/>
        </listOfReactants>
        <kineticLaw>
          <math xmlns="http://www.w3.org/1998/Math/MathML">
            <apply>
              <times/>
              <ci> k1 </ci>
              <ci> Not2_Ip1_Rcnot_B1n_C0 </ci>
            </apply>
          </math>
          <listOfParameters>
            <parameter id="k1" value="0.0116"/>
          </listOfParameters>
        </kineticLaw>
      </reaction>
      <reaction id="Not2_Ip1_Rcnot_Csi1_R" reversible="false">
        <listOfReactants>
          <speciesReference species="Not2_Ip1_Rcnot_B1f_C0"/>
        </listOfReactants>
        <listOfProducts>
          <speciesReference species="B_Pool_S_Free_C0"/>
          <speciesReference species="Not2_Ip1_Rcnot_B1n_C0"/>
        </listOfProducts>
        <kineticLaw>
          <math xmlns="http://www.w3.org/1998/Math/MathML">
            <apply>
              <times/>
              <ci> k1 </ci>
              <ci> Not2_Ip1_Rcnot_B1f_C0 </ci>
            </apply>
          </math>
          <listOfParameters>
            <parameter id="k1" value="0.01"/>
          </listOfParameters>
        </kineticLaw>
      </reaction>
      <reaction id="Not2_Ip1_Rcnot_Theta1_R" reversible="false">
        <listOfReactants>
          <speciesReference species="B_Pool_S_Free_C0"/>
          <speciesReference species="Not2_Ip1_Rcnot_B1n_C0"/>
        </listOfReactants>
        <listOfProducts>
          <speciesReference species="Not2_Ip1_Rcnot_B1f_C0"/>
        </listOfProducts>
        <kineticLaw>
          <math xmlns="http://www.w3.org/1998/Math/MathML">
            <apply>
              <times/>
              <ci> k1 </ci>
              <ci> B_Pool_S_Free_C0 </ci>
              <ci> Not2_Ip1_Rcnot_B1n_C0 </ci>
            </apply>
          </math>
          <listOfParameters>
            <parameter id="k1" value="1000000000"/>
          </listOfParameters>
        </kineticLaw>
      </reaction>
      <reaction id="Not2_Ip1_P0not2pos_K2_R" reversible="false">
        <listOfReactants>
          <speciesReference species="Not2_Ip1_P0not2pos_Ppol_C0"/>
        </listOfReactants>
        <listOfProducts>
          <speciesReference species="Not2_Ip1_P0not2pos_P_Free_C0"/>
          <speciesReference species="Not2_Ip1_Rcnot_Polb_C0"/>
        </listOfProducts>
        <kineticLaw>
          <math xmlns="http://www.w3.org/1998/Math/MathML">
            <apply>
              <times/>
              <ci> k1 </ci>
              <ci> Not2_Ip1_P0not2pos_Ppol_C0 </ci>
            </apply>
          </math>
          <listOfParameters>
            <parameter id="k1" value="0.05"/>
          </listOfParameters>
        </kineticLaw>
      </reaction>
      <reaction id="Not2_Ip1_P0not2pos_K_1_R" reversible="false">
        <listOfReactants>
          <speciesReference species="Not2_Ip1_P0not2pos_Ppol_C0"/>
        </listOfReactants>
        <listOfProducts>
          <speciesReference species="Not2_Ip1_P0not2pos_P_Free_C0"/>
          <speciesReference species="Polpool_Pol_Free_C0"/>
        </listOfProducts>
        <kineticLaw>
          <math xmlns="http://www.w3.org/1998/Math/MathML">
            <apply>
              <times/>
              <ci> k1 </ci>
              <ci> Not2_Ip1_P0not2pos_Ppol_C0 </ci>
            </apply>
          </math>
          <listOfParameters>
            <parameter id="k1" value="0.01"/>
          </listOfParameters>
        </kineticLaw>
      </reaction>
      <reaction id="Not2_Ip1_P0not2pos_K1_R" reversible="false">
        <listOfReactants>
          <speciesReference species="Not2_Ip1_P0not2pos_P_Free_C0"/>
          <speciesReference species="Polpool_Pol_Free_C0"/>
        </listOfReactants>
        <listOfProducts>
          <speciesReference species="Not2_Ip1_P0not2pos_Ppol_C0"/>
        </listOfProducts>
        <kineticLaw>
          <math xmlns="http://www.w3.org/1998/Math/MathML">
            <apply>
              <times/>
              <ci> k1 </ci>
              <ci> Not2_Ip1_P0not2pos_P_Free_C0 </ci>
              <ci> Polpool_Pol_Free_C0 </ci>
            </apply>
          </math>
          <listOfParameters>
            <parameter id="k1" value="1000000"/>
          </listOfParameters>
        </kineticLaw>
      </reaction>
      <reaction id="Not2_Ip0_Te_Zeta_R" reversible="false">
        <listOfReactants>
          <speciesReference species="Not2_Ip0_Te_Polt_C0"/>
        </listOfReactants>
        <listOfProducts>
          <speciesReference species="Polpool_Pol_Free_C0"/>
        </listOfProducts>
        <kineticLaw>
          <math xmlns="http://www.w3.org/1998/Math/MathML">
            <apply>
              <times/>
              <ci> k1 </ci>
              <ci> Not2_Ip0_Te_Polt_C0 </ci>
            </apply>
          </math>
          <listOfParameters>
            <parameter id="k1" value="31.25"/>
          </listOfParameters>
        </kineticLaw>
      </reaction>
      <reaction id="Not2_Ip0_Tfl_Zeta_R_R" reversible="false">
        <listOfReactants>
          <speciesReference species="Not2_Ip0_Tfl_Ru_C0"/>
        </listOfReactants>
        <listOfProducts>
          <speciesReference species="Ribpool_R_Free_C0"/>
          <speciesReference species="A_Neg_Pool_Fm_C0"/>
        </listOfProducts>
        <kineticLaw>
          <math xmlns="http://www.w3.org/1998/Math/MathML">
            <apply>
              <times/>
              <ci> k1 </ci>
              <ci> Not2_Ip0_Tfl_Ru_C0 </ci>
            </apply>
          </math>
          <listOfParameters>
            <parameter id="k1" value="0.5"/>
          </listOfParameters>
        </kineticLaw>
      </reaction>
      <reaction id="Not2_Ip0_Tfl_K_El_R_R" reversible="false">
        <listOfReactants>
          <speciesReference species="Not2_Ip0_Tfl_Ra_C0"/>
        </listOfReactants>
        <listOfProducts>
          <speciesReference species="Not2_Ip0_Tfl_Ru_C0"/>
        </listOfProducts>
        <kineticLaw>
          <math xmlns="http://www.w3.org/1998/Math/MathML">
            <apply>
              <times/>
              <ci> k1 </ci>
              <ci> Not2_Ip0_Tfl_Ra_C0 </ci>
            </apply>
          </math>
          <listOfParameters>
            <parameter id="k1" value="0.049"/>
          </listOfParameters>
        </kineticLaw>
      </reaction>
      <reaction id="Not2_Ip0_Tfl_K_El_R" reversible="false">
        <listOfReactants>
          <speciesReference species="Not2_Ip0_Tfl_Pola_C0"/>
        </listOfReactants>
        <listOfProducts>
          <speciesReference species="Not2_Ip0_Te_Polt_C0"/>
        </listOfProducts>
        <kineticLaw>
          <math xmlns="http://www.w3.org/1998/Math/MathML">
            <apply>
              <times/>
              <ci> k1 </ci>
              <ci> Not2_Ip0_Tfl_Pola_C0 </ci>
            </apply>
          </math>
          <listOfParameters>
            <parameter id="k1" value="0.056"/>
          </listOfParameters>
        </kineticLaw>
      </reaction>
      <reaction id="Not2_Ip0_Rcnot_K_El_R" reversible="false">
        <listOfReactants>
          <speciesReference species="Not2_Ip0_Rcnot_Polb_C0"/>
        </listOfReactants>
        <listOfProducts>
          <speciesReference species="Not2_Ip0_Tfl_Pola_C0"/>
          <speciesReference species="Not2_Ip0_Rcnot_B1n_C0"/>
        </listOfProducts>
        <kineticLaw>
          <math xmlns="http://www.w3.org/1998/Math/MathML">
            <apply>
              <times/>
              <ci> k1 </ci>
              <ci> Not2_Ip0_Rcnot_Polb_C0 </ci>
            </apply>
          </math>
          <listOfParameters>
            <parameter id="k1" value="2"/>
          </listOfParameters>
        </kineticLaw>
      </reaction>
      <reaction id="Not2_Ip0_Rcnot_K2r_Lk_R" reversible="false">
        <listOfReactants>
          <speciesReference species="Not2_Ip0_Rcnot_B1f_C0"/>
        </listOfReactants>
        <listOfProducts>
          <speciesReference species="A_Neg_Pool_Fm_C0"/>
          <speciesReference species="Not2_Ip0_Rcnot_B1f_C0"/>
        </listOfProducts>
        <kineticLaw>
          <math xmlns="http://www.w3.org/1998/Math/MathML">
            <apply>
              <times/>
              <ci> k1 </ci>
              <ci> Not2_Ip0_Rcnot_B1f_C0 </ci>
            </apply>
          </math>
          <listOfParameters>
            <parameter id="k1" value="1e-05"/>
          </listOfParameters>
        </kineticLaw>
      </reaction>
      <reaction id="Not2_Ip0_Rcnot_K_Dr1_R" reversible="false">
        <listOfReactants>
          <speciesReference species="Not2_Ip0_Rcnot_Rb1n_C0"/>
        </listOfReactants>
        <listOfProducts>
          <speciesReference species="Ribpool_R_Free_C0"/>
        </listOfProducts>
        <kineticLaw>
          <math xmlns="http://www.w3.org/1998/Math/MathML">
            <apply>
              <times/>
              <ci> k1 </ci>
              <ci> Not2_Ip0_Rcnot_Rb1n_C0 </ci>
            </apply>
          </math>
          <listOfParameters>
            <parameter id="k1" value="0.0116"/>
          </listOfParameters>
        </kineticLaw>
      </reaction>
      <reaction id="Not2_Ip0_Rcnot_K2r_R" reversible="false">
        <listOfReactants>
          <speciesReference species="Not2_Ip0_Rcnot_Rb1n_C0"/>
        </listOfReactants>
        <listOfProducts>
          <speciesReference species="Not2_Ip0_Tfl_Ra_C0"/>
          <speciesReference species="Not2_Ip0_Rcnot_B1n_C0"/>
        </listOfProducts>
        <kineticLaw>
          <math xmlns="http://www.w3.org/1998/Math/MathML">
            <apply>
              <times/>
              <ci> k1 </ci>
              <ci> Not2_Ip0_Rcnot_Rb1n_C0 </ci>
            </apply>
          </math>
          <listOfParameters>
            <parameter id="k1" value="0.02"/>
          </listOfParameters>
        </kineticLaw>
      </reaction>
      <reaction id="Not2_Ip0_Rcnot_K_1r_R" reversible="false">
        <listOfReactants>
          <speciesReference species="Not2_Ip0_Rcnot_Rb1n_C0"/>
        </listOfReactants>
        <listOfProducts>
          <speciesReference species="Ribpool_R_Free_C0"/>
          <speciesReference species="Not2_Ip0_Rcnot_B1n_C0"/>
        </listOfProducts>
        <kineticLaw>
          <math xmlns="http://www.w3.org/1998/Math/MathML">
            <apply>
              <times/>
              <ci> k1 </ci>
              <ci> Not2_Ip0_Rcnot_Rb1n_C0 </ci>
            </apply>
          </math>
          <listOfParameters>
            <parameter id="k1" value="0.01"/>
          </listOfParameters>
        </kineticLaw>
      </reaction>
      <reaction id="Not2_Ip0_Rcnot_K1r_R" reversible="false">
        <listOfReactants>
          <speciesReference species="Ribpool_R_Free_C0"/>
          <speciesReference species="Not2_Ip0_Rcnot_B1n_C0"/>
        </listOfReactants>
        <listOfProducts>
          <speciesReference species="Not2_Ip0_Rcnot_Rb1n_C0"/>
        </listOfProducts>
        <kineticLaw>
          <math xmlns="http://www.w3.org/1998/Math/MathML">
            <apply>
              <times/>
              <ci> k1 </ci>
              <ci> Not2_Ip0_Rcnot_B1n_C0 </ci>
              <ci> Ribpool_R_Free_C0 </ci>
            </apply>
          </math>
          <listOfParameters>
            <parameter id="k1" value="1000000"/>
          </listOfParameters>
        </kineticLaw>
      </reaction>
      <reaction id="Not2_Ip0_Rcnot_Kd2_R" reversible="false">
        <listOfReactants>
          <speciesReference species="Not2_Ip0_Rcnot_B1f_C0"/>
        </listOfReactants>
        <listOfProducts>
          <speciesReference species="A_Pool_S_Free_C0"/>
        </listOfProducts>
        <kineticLaw>
          <math xmlns="http://www.w3.org/1998/Math/MathML">
            <apply>
              <times/>
              <ci> k1 </ci>
              <ci> Not2_Ip0_Rcnot_B1f_C0 </ci>
            </apply>
          </math>
          <listOfParameters>
            <parameter id="k1" value="0.0116"/>
          </listOfParameters>
        </kineticLaw>
      </reaction>
      <reaction id="Not2_Ip0_Rcnot_Kd1_R" reversible="false">
        <listOfReactants>
          <speciesReference species="Not2_Ip0_Rcnot_B1n_C0"/>
        </listOfReactants>
        <kineticLaw>
          <math xmlns="http://www.w3.org/1998/Math/MathML">
            <apply>
              <times/>
              <ci> k1 </ci>
              <ci> Not2_Ip0_Rcnot_B1n_C0 </ci>
            </apply>
          </math>
          <listOfParameters>
            <parameter id="k1" value="0.0116"/>
          </listOfParameters>
        </kineticLaw>
      </reaction>
      <reaction id="Not2_Ip0_Rcnot_Csi1_R" reversible="false">
        <listOfReactants>
          <speciesReference species="Not2_Ip0_Rcnot_B1f_C0"/>
        </listOfReactants>
        <listOfProducts>
          <speciesReference species="A_Pool_S_Free_C0"/>
          <speciesReference species="Not2_Ip0_Rcnot_B1n_C0"/>
        </listOfProducts>
        <kineticLaw>
          <math xmlns="http://www.w3.org/1998/Math/MathML">
            <apply>
              <times/>
              <ci> k1 </ci>
              <ci> Not2_Ip0_Rcnot_B1f_C0 </ci>
            </apply>
          </math>
          <listOfParameters>
            <parameter id="k1" value="0.01"/>
          </listOfParameters>
        </kineticLaw>
      </reaction>
      <reaction id="Not2_Ip0_Rcnot_Theta1_R" reversible="false">
        <listOfReactants>
          <speciesReference species="A_Pool_S_Free_C0"/>
          <speciesReference species="Not2_Ip0_Rcnot_B1n_C0"/>
        </listOfReactants>
        <listOfProducts>
          <speciesReference species="Not2_Ip0_Rcnot_B1f_C0"/>
        </listOfProducts>
        <kineticLaw>
          <math xmlns="http://www.w3.org/1998/Math/MathML">
            <apply>
              <times/>
              <ci> k1 </ci>
              <ci> A_Pool_S_Free_C0 </ci>
              <ci> Not2_Ip0_Rcnot_B1n_C0 </ci>
            </apply>
          </math>
          <listOfParameters>
            <parameter id="k1" value="1000000000"/>
          </listOfParameters>
        </kineticLaw>
      </reaction>
      <reaction id="Not2_Ip0_P0not2pos_K2_R" reversible="false">
        <listOfReactants>
          <speciesReference species="Not2_Ip0_P0not2pos_Ppol_C0"/>
        </listOfReactants>
        <listOfProducts>
          <speciesReference species="Not2_Ip0_P0not2pos_P_Free_C0"/>
          <speciesReference species="Not2_Ip0_Rcnot_Polb_C0"/>
        </listOfProducts>
        <kineticLaw>
          <math xmlns="http://www.w3.org/1998/Math/MathML">
            <apply>
              <times/>
              <ci> k1 </ci>
              <ci> Not2_Ip0_P0not2pos_Ppol_C0 </ci>
            </apply>
          </math>
          <listOfParameters>
            <parameter id="k1" value="0.05"/>
          </listOfParameters>
        </kineticLaw>
      </reaction>
      <reaction id="Not2_Ip0_P0not2pos_K_1_R" reversible="false">
        <listOfReactants>
          <speciesReference species="Not2_Ip0_P0not2pos_Ppol_C0"/>
        </listOfReactants>
        <listOfProducts>
          <speciesReference species="Not2_Ip0_P0not2pos_P_Free_C0"/>
          <speciesReference species="Polpool_Pol_Free_C0"/>
        </listOfProducts>
        <kineticLaw>
          <math xmlns="http://www.w3.org/1998/Math/MathML">
            <apply>
              <times/>
              <ci> k1 </ci>
              <ci> Not2_Ip0_P0not2pos_Ppol_C0 </ci>
            </apply>
          </math>
          <listOfParameters>
            <parameter id="k1" value="0.01"/>
          </listOfParameters>
        </kineticLaw>
      </reaction>
      <reaction id="Not2_Ip0_P0not2pos_K1_R" reversible="false">
        <listOfReactants>
          <speciesReference species="Not2_Ip0_P0not2pos_P_Free_C0"/>
          <speciesReference species="Polpool_Pol_Free_C0"/>
        </listOfReactants>
        <listOfProducts>
          <speciesReference species="Not2_Ip0_P0not2pos_Ppol_C0"/>
        </listOfProducts>
        <kineticLaw>
          <math xmlns="http://www.w3.org/1998/Math/MathML">
            <apply>
              <times/>
              <ci> k1 </ci>
              <ci> Not2_Ip0_P0not2pos_P_Free_C0 </ci>
              <ci> Polpool_Pol_Free_C0 </ci>
            </apply>
          </math>
          <listOfParameters>
            <parameter id="k1" value="1000000"/>
          </listOfParameters>
        </kineticLaw>
      </reaction>
      <reaction id="B_Pool_K_D_R" reversible="false">
        <listOfReactants>
          <speciesReference species="B_Pool_S_Free_C0"/>
        </listOfReactants>
        <kineticLaw>
          <math xmlns="http://www.w3.org/1998/Math/MathML">
            <apply>
              <times/>
              <ci> k1 </ci>
              <ci> B_Pool_S_Free_C0 </ci>
            </apply>
          </math>
          <listOfParameters>
            <parameter id="k1" value="3.21e-05"/>
          </listOfParameters>
        </kineticLaw>
      </reaction>
      <reaction id="A_Pool_K_D_R" reversible="false">
        <listOfReactants>
          <speciesReference species="A_Pool_S_Free_C0"/>
        </listOfReactants>
        <kineticLaw>
          <math xmlns="http://www.w3.org/1998/Math/MathML">
            <apply>
              <times/>
              <ci> k1 </ci>
              <ci> A_Pool_S_Free_C0 </ci>
            </apply>
          </math>
          <listOfParameters>
            <parameter id="k1" value="3.21e-05"/>
          </listOfParameters>
        </kineticLaw>
      </reaction>
      <reaction id="B_Pool_K_S_Rate" reversible="false">
        <listOfProducts>
          <speciesReference species="B_Pool_S_Free_C0"/>
        </listOfProducts>
        <kineticLaw>
          <math xmlns="http://www.w3.org/1998/Math/MathML">
            <cn type="e-notation"> 1 <sep/> -9 </cn>
          </math>
        </kineticLaw>
      </reaction>
      <reaction id="A_Pool_K_S_Rate" reversible="false">
        <listOfProducts>
          <speciesReference species="A_Pool_S_Free_C0"/>
        </listOfProducts>
        <kineticLaw>
          <math xmlns="http://www.w3.org/1998/Math/MathML">
            <cn type="e-notation"> 1 <sep/> -9 </cn>
          </math>
        </kineticLaw>
      </reaction>
    </listOfReactions>
  </model>
</sbml>
